{"stat.walkOneCm":22354,"stat.leaveGame":10,"stat.mineBlock.minecraft.brown_mushroom":1,"stat.jump":192,"stat.swimOneCm":850,"stat.fallOneCm":4265,"stat.crouchOneCm":1061,"stat.drop.minecraft.brown_mushroom":2,"stat.pickup.minecraft.dirt":10,"stat.useItem.minecraft.dirt":7,"stat.sprintOneCm":37813,"stat.useItem.minecraft.stone_slab2":2,"stat.flyOneCm":73604,"stat.pickup.minecraft.brown_mushroom":2,"stat.drop":2,"stat.pickup.minecraft.wheat_seeds":2,"stat.playOneMinute":25323,"stat.sneakTime":243,"stat.damageDealt":40,"stat.timeSinceDeath":25323,"stat.pickup.zawa.care_guide":1,"stat.mineBlock.minecraft.dirt":2,"stat.mineBlock.minecraft.tallgrass":1,"stat.diveOneCm":757}