{"stat.walkOneCm":31471,"stat.leaveGame":12,"stat.drop.minecraft.dirt":1,"stat.mineBlock.minecraft.brown_mushroom":1,"stat.pickup.minecraft.string":1,"stat.jump":222,"stat.swimOneCm":850,"stat.fallOneCm":4265,"stat.crouchOneCm":1061,"stat.drop.minecraft.brown_mushroom":2,"stat.pickup.minecraft.dirt":10,"stat.useItem.minecraft.dirt":7,"stat.sprintOneCm":48723,"stat.useItem.minecraft.stone_slab2":2,"stat.flyOneCm":77947,"stat.pickup.minecraft.brown_mushroom":2,"stat.drop":5,"stat.pickup.minecraft.wheat_seeds":2,"stat.playOneMinute":28735,"stat.drop.minecraft.wheat_seeds":2,"stat.sneakTime":243,"stat.damageDealt":40,"stat.timeSinceDeath":28735,"stat.pickup.zawa.care_guide":1,"stat.mineBlock.minecraft.dirt":2,"stat.mineBlock.minecraft.tallgrass":1,"stat.diveOneCm":757}