{"stat.walkOneCm":17294,"stat.leaveGame":9,"stat.mineBlock.minecraft.brown_mushroom":1,"stat.flyOneCm":70099,"stat.pickup.minecraft.brown_mushroom":2,"stat.drop":2,"stat.pickup.minecraft.wheat_seeds":2,"stat.jump":166,"stat.swimOneCm":295,"stat.playOneMinute":20071,"stat.fallOneCm":4265,"stat.sneakTime":194,"stat.damageDealt":40,"stat.crouchOneCm":920,"stat.drop.minecraft.brown_mushroom":2,"stat.timeSinceDeath":20071,"stat.pickup.minecraft.dirt":10,"stat.useItem.minecraft.dirt":7,"stat.sprintOneCm":31781,"stat.mineBlock.minecraft.dirt":2,"stat.useItem.minecraft.stone_slab2":2,"stat.mineBlock.minecraft.tallgrass":1}