{"stat.pickup.leatherworks.rawhide_pig":1,"stat.walkOneCm":35625,"stat.pickup.rustic.tomato_seeds":1,"stat.leaveGame":3,"stat.damageTaken":190,"stat.mobKills":4,"stat.useItem.minecraft.porkchop":5,"stat.flyOneCm":6207,"stat.pickup.minecraft.wheat_seeds":1,"stat.jump":147,"stat.swimOneCm":3595,"stat.playOneMinute":9173,"stat.fallOneCm":1948,"stat.damageDealt":478,"stat.pickup.minecraft.porkchop":7,"stat.timeSinceDeath":9173,"stat.pickup.zawa.care_guide":1,"stat.sprintOneCm":24254,"stat.killEntity.Pig":4,"stat.mineBlock.minecraft.tallgrass":16,"stat.diveOneCm":520}